トピック,対象ファイル,A_ID,A概要,A影響度,Aリスク,A工数,B_ID,B概要,B影響度,Bリスク,B工数,内容の違い・所感,優位
"schema.py の分割","config/schema.py (1641行)","R1","Settings クラス単位でパッケージ分割。sources基盤を別出し、__init__で再エクスポート","高","中","L","C1","schema/ パッケージ化。8ファイルへの分割表を明示、M2と連続実施を推奨","高","低","M","結論は同じ（パッケージ化+再エクスポート）。Bは分割後ファイル名と移動クラスの対応表まで提示し即着手可能。Aはリスクを中、Bは低と評価（再エクスポートで互換維持できる点でBの低が妥当）","B（具体性・実行可能性）"
"manager.py の整理","config/manager.py (887行)","R2","loader重複統合。汎用ヘルパー集約+トレース系を別mixin/ファイルへ分離も提案","中","中","M","C2","get_*_settings フォールバック共通化。_get_settings_with_fallback 1メソッドに集約、887→500行の数値目標","中","低","S","ほぼ同一の着眼（フォールバック手順の重複）。Bは行番号(559-623)と削減見込みを数値化、工数Sと軽め。Aは分割まで視野に入れ工数M。Bの方が手堅くクイックウィン寄り、Aは踏み込みが大きい","B（精度）/ A（射程）"
"views.py の表示分離","config/views.py (819行)","R3","データ収集層とレンダラ層(Table/Json/Hierarchical)に分離。マスキングは純関数util化。テスト薄く補強推奨","中","低","M","C3","中間表現(dict)を1つに定め階層ウォークを1本化。format_hierarchical_json がほぼ消える点を具体指摘","中","低","M","同じ分離方針。Bは「format_hierarchical と _json が同じ木構造を二度歩く(478-557/559-651)」という具体的DRY違反を特定。Aは表示形式ごとのメソッド増殖を一般論で指摘。Bの根本原因特定が鋭い","B（根本原因の特定）"
"TomlSource の共通基底抽出","config/sources/*toml_source.py","R4","8つの*TomlSourceが各々定型再実装。BaseTomlSource新設しfield_mapperを全ソースの正規化窓口に統一","中","中","M","—","（B: sources/は既に適切な粒度、field_mapperで一元化済み、触らないと明言）","-","-","-","【重要な相違】コード検証の結果、8ソースが各々 get_field_value/prepare_field_value/__call__/_load を再実装、field_mapper利用は3ソースのみ。Aの指摘は実在する重複。Bは『触らなくてよい』と誤判定（ファイルサイズは小さいがクロスファイル重複を見落とし）","A（Bが見落とした実在の重複を捕捉）"
"aggregation_store の重複解消","storage/aggregation_store.py (907行)","R5","sync/async約10対をデコレータ(@async_db_read/@async_db_write)化+責務でパッケージ分割。DDL/読/書/集計を分離","高","中","L","S1","sync/async定型を _run_write/_run_read ヘルパーに集約。リトライ不統一(saveだけ指数バックオフ)を設計判断として一元化","中","低","M","Aはデコレータ、Bはヘルパーメソッド方式（どちらも妥当）。Bは『save_aggregationだけリトライ有り、他はなし』という不整合を発見しエラー処理の一貫性問題として提起。Aは見落とし。Bはテスト手薄(12)→先にリトライ挙動テスト追加を強く推奨し安全網意識が高い","B（不整合の発見・安全網意識）"
"aggregation_store の責務分割","storage/aggregation_store.py (907行)","R5","（R5後半）テーブル別mixin/協調オブジェクトへ分離","高","中","L(に内包)","S2","テーブル別リポジトリ化。base.py抽出。UI側が独自にDuckDB接続する論点まで指摘しスコープ膨張を警告","中","中","M","Aは1候補(R5)に統合、BはS1(重複解消)とS2(分割)を段階分離。Bは『UI読み出しも storage 経由に寄せるか』という設計論点とスコープ管理まで言及。段階分割の方が着手判断しやすい","B（段階分割・スコープ管理）"
"新旧二重設定モデルの統合","models/evaluation_config.py ↔ schema.py","R6","新旧2型階層の二重管理を統合。フィールド対応表→SSOT決定→ブリッジ縮小→段階移行。最高リスク最後着手","高","高","L","M1","旧Config群の廃止。Evaluator/Team/MemberAgentの3系統マップを提示し系統別PRで段階実施。875行削除可","高","中","L","最重要課題という認識は一致。Bは『移行完了とコメントされながら旧モデルが残存』『timeout制約が新旧で乖離(ge=10,le=600 vs ge=0)』など具体的証拠を提示し、3系統を分けて段階PR化。Aは方向性は正しいが抽象的。Bの分析が圧倒的に具体的","B（証拠と段階設計）"
"LLMパラメータ共通基底","schema.py ほか約9クラス","—","（R6内でフィールド二重管理として言及するのみ、独立候補なし）","-","-","-","M2","LLM10項目が9クラスにコピー。LLMParamsMixin導入。制約乖離の根本原因と特定、M1の前提整備も兼ねる","高","低","M","【Bの独自貢献】Bは制約乖離(timeout)の『根本原因』がパラメータ定義のコピーだと特定し、Mixin化という再利用設計を提案。AはR6で症状(二重管理)に触れるが原因の構造的解決策を出していない。影響度高・リスク低の good first の構造改善","B（根本原因への構造的解法・A欠落）"
"get_*_for_metric の統合","models/evaluation_config.py","—","（言及なし）","-","-","-","M3","get_*_for_metric 10メソッド計240行が同一2行ロジック。_resolve_for_metric 1本に集約し240→60行","中","低","S","【Bの独自貢献】Aは完全に見落とし。Bは具体的な機械的重複を特定しクイックウィン化（リスク低・工数S）。ただしM1完了時に消えるため先行実施は任意とB自身も注記しており実利は限定的","B（A欠落、ただし実利限定）"
"execution_service の分割","ui/services/execution_service.py (772行)","R7","進捗読取/runner/status の3ファイルへ分割。長大関数を200行以内に。os.getenv置換","中","中","L","U1","progress/runner/結果読出の3分割。正常系/異常系の二重構築解消、進捗ファイルschema共有を退行リスク源と明示","中","中","M","分割単位はほぼ同一。Bは『進捗ファイルのdictキーが書き手(controller)と読み手で暗黙結合』を最大の退行リスクと特定しE2と連携。AはR14/R15連携に言及。Bのリスク源の言語化が的確（工数もA:L,B:Mと差）","B（退行リスクの特定）"
"core/auth のプロバイダ別整理","core/auth.py (570行)","R8","プロバイダ別にパッケージ分割。env キー定義を1箇所へ、汎用バリデータに集約。570行を縮小","中","中","M","X2","（X2に内包）validate_*_credentials 3関数を PROVIDER_SPECS レジストリ+validate_api_key 1本に。570→350行","中","中","M","同じ着眼（provider別検証の同型重複）。Bはレジストリ(ProviderSpec)という具体的データ構造とコード例、削減見込み350行を提示。Aは独立候補(R8)として扱い分割を主軸、Bはos.getenv撲滅(X2)の一部として扱う。解法の具体性はB","B（具体データ構造）"
"integration_hooks の扱い","framework/integration_hooks.py (576行)","R9","パッケージ分割(events/hooks/manager/setup)+グローバルsingleton解消。テスト薄く補強推奨","低","低","M","X1","デッドコード削除。本番呼び出しは factory.py 1箇所のみ→約700行(テスト込)純減。製品判断を1つ挟む","中","低","S","【最大の判断差】コード検証で本番呼び出しは factory.py の1箇所のみと確認。Bの『デッドコード→削除』が正しい診断。Aは『分割+singleton解消』に労力を割く提案でほぼ死んだコードの再構築という的外れ。Bが決定的に優位","B（正しい診断・Aは的外れ）"
"round_controller の長大メソッド","round_controller/controller.py (567行)","R10","_execute_single_round(140行)等を実行/集約/評価/永続化に分解。継続判定はポリシーオブジェクト化","中","中","M","E2","実行/評価/永続化の3分割+ProgressReporter抽出。継続判定は StopReason enum を返す純粋関数群へ。進捗schema定義も提案","中","低","S","方針は近い。Bは継続判定を『StopReason enumで理由を返す』と具体化しテスト容易性・構造化ログまで言及。ProgressReporterをorchestratorと共通化する横断視点も。工数もA:M,B:S。Bの設計が一段詳しい","B（設計の具体性）"
"orchestrator の長大メソッド","orchestrator/orchestrator.py (530行)","R11","_execute_impl(約200行)をフェーズ単位に抽出。progressファイル書込をstorageへ集約しcontrollerと統一","中","中","M","E1","_execute_impl(203行)を6フェーズに機械抽出。auth診断ログを隔離。コード例つき","中","低","S","ともに最重要の長大関数を特定。Bは『リポジトリ唯一の200行違反』と断定→AST検証で202行・唯一と確認、精密。具体的な抽出後コード例も提示。Aは『約200行』と曖昧で複数の140行関数も違反扱い(実際は200行未満)。Bが精密","B（AST精度・コード例）"
"member_agent の分離","models/member_agent.py (487行)","R12","BaseModelとBaseSettingsが混在→result/tools/config/environmentにパッケージ分割。再エクスポートで互換","低","中","S","—","（独立候補なし。M1のMemberAgent系統一の中で MemberAgentConfig を縮小として扱う）","-","-","-","Aは『487行ファイルの物理分割』として独立候補化。BはM1の一部として『設定はSettingsに一本化、Configは実行時DTOに縮小』と本質的縮小を志向。Aは規約(300行)準拠の機械的分割、Bは構造統一の副産物。観点が異なり一概に優劣つかず","引き分け（観点差）"
"CLIコマンド/フォーマッタ分割","cli/commands/config.py(407)・formatters.py(375)等","R13","config.py・formatters.py・exec.py・team.py・utils.py の5ファイル分割。os.environ書込をapply_runtime_envに集約","低","低","S","U4","config_show(141)/config_init(166)の長関数分割に限定。C3完了後コマンド側を薄い層に整える","低","低","S","Aは300行超CLI 5ファイルを網羅的に列挙、Bは config.py 1ファイルのクイックウィンに絞る。網羅性はA、焦点と即効性はB。Aの方がCLI層全体の棚卸しとして有用","A（網羅性）"
"os.getenv 直呼び撲滅","横断 約20ファイル","R14","ui/cli/core/auth/observability等の直呼びを型付きヘルパー集約。env書込はapply_runtime_env単一窓口へ","中","中","M","X2","同左+ruffのbanned-apiで config外のos.getenvを機械的に禁止(段階導入)し再発防止","中","中","M","ほぼ同一の課題認識。Bは『ruff banned-apiで再発をリント禁止』という再発防止の仕組み化を追加提案。Aはapply_runtime_env(env書込の単一窓口)を具体化。両者補完的だが、Bの再発防止策が一段上","B（再発防止の仕組み化）"
"CLI→UI のenv伝搬契約化","cli/commands/ui.py・ui/app.py","—","（R14内でui.pyのos.environ書込として部分言及）","-","-","-","U3","プロセス間伝搬9変数を UIBridgeSettings(to_env/from_env)で型契約化。mypy+往復テストで保証","中","高","M","【Bの独自貢献】Bは『環境変数を使うな』ではなく『契約を型で1箇所に定義』という現実的設計を提案。AはR14でos.environ書込に触れるが契約化の発想なし。サブプロセス起動という制約を踏まえた良い設計提案。リスク高の正しい認識も","B（A欠落・現実的設計）"
"共通ロガー&構造化ログ統一","横断 logging.getLogger 19+箇所","R15","get_logger(name)共通ファクトリ導入(命名規約 mixseek.<subsystem>)。最初に着手すべき低リスク機械変更","中","低","M","—","（独立候補なし。U2で logfire/logging 初期化の一本化として部分カバー）","-","-","-","【Aの独自貢献】Aは『logging.getLogger直生成が19+箇所、命名もバラバラ』を横断課題として独立候補化し、最初に着手すべき足場と位置づけ。BはU2(初期化の一本化)に注力するが、各モジュールのロガー取得作法統一は候補化していない。AGENTS.md規約(共通ロガー)違反への直接対応はA","A（規約違反の正面対応・B欠落）"
"観測性(logfire/logging)初期化の一本化","cli/utils.py・ui/app.py・execution_service.py","—","（R14/R15周辺で部分言及、独立候補なし）","-","-","-","U2","logfire初期化が3箇所(CLI/UIapp/BGスレッド)にコピー。ensure_observability()冪等API新設。設定=config/実行=observabilityと整理","高","中","M","【Bの独自貢献】Bは初期化コードの3重複を具体特定し冪等な統合APIを提案、影響度高。AはR14/R15で周辺に触れるが『初期化の一本化』を独立課題化していない。Bの観点が明確に勝る","B（A欠落・初期化重複の特定）"
"カスタムメトリクスローダー分離","evaluator/evaluator.py (531行)","—","（300行超一覧でR6併走確認とのみ記載、独立候補なし）","-","-","-","E3","Evaluator内170行の動的ロードを metric_loader.py へ分離。同種ローダーが3箇所(member/workflow)にある点も指摘","中","低","M","【Bの独自貢献】Bはevaluator.py(531行)の中身を読み『プラグインローダー責務が評価実行と混在』『同種の動的ロード機構が3箇所に再実装』と特定。AはR6併走で確認すると流すのみで中身未分析。Bの深掘りが勝る","B（A欠落・深掘り）"
"例外階層の統一","exceptions.py ほか5箇所","—","（storage例外をstorage/exceptions.pyへ等、部分言及のみ独立候補なし）","-","-","-","X3","例外が5箇所分散・共通基底なし→MixseekError導入。except Exception依存を2段ハンドリングに。多重継承で互換維持","中","低","S","【Bの独自貢献】Bは『共通基底がなくmixseek起因の失敗をまとめて捕捉できない→except Exception多用の一因』とエラー処理の一貫性問題を構造化。AはR5でstorage例外移動に触れる程度。型の一貫性という分析観点でBが勝る","B（A欠落・エラー設計観点）"
"Pydantic v1残滓の除去","ui/models/*.py 5箇所","—","（言及なし）","-","-","-","X4","class Config: のv1スタイル5箇所を ConfigDict へ。全体のモダナイズ状況は良好と確認した上での残滓指摘","低","低","S","【Bの独自貢献】Bは『他は全てv2統一済み、ここだけ取り残し』と全体確認の上で特定。Optional/Union除去やX|None統一済みも確認済みと報告。Aは古いパターン観点でこの具体箇所を発見できず。網羅性でB","B（A欠落・モダナイズ網羅）"
